Workbook

Sheet Журнал Работ
A1: Дата | B1: Смена день/ночь | C1: Здание | D1: Кол-во испол-ей, эл.монт. | E1: Наименование | F1: Объём выполненной работы | G1: Помещение, Отметка | H1: Раздел/Примечание/прочие работы
A2: 46097 | B2: День | C2: 406/1 | D2: 2 | E2: Монтаж полосы заземления 25x4, м | F2: 18 | G2: 111
C3: 406/1 | E3: Монтаж скобы-держателя ND2312, шт | F3: 30
A4: 46097 | B4: День | C4: 406/1 | D4: 3 | E4: Монтаж полосы заземления 25x4, м | F4: 48 | G4: 101
C5: 406/1 | E5: Монтаж скобы-держателя ND2312, шт | F5: 108
A6: 46098 | B6: День | C6: 406/1 | D6: 2 | E6: Монтаж полосы заземления 25x4, м | F6: 30 | G6: 111
C7: 406/1 | E7: Монтаж скобы-держателя ND2312, шт | F7: 68
A8: 46098 | B8: День | C8: 406/3 | D8: 3 | E8: Монтаж полосы заземления 25x4, м | F8: 18 | G8: 101
C9: 406/3 | E9: Монтаж скобы-держателя ND2312, шт | F9: 30
A10: 46099 | B10: День | C10: 406/3 | D10: 3 | E10: Монтаж полосы заземления 25x4, м | F10: 30 | G10: 101
C11: 406/3 | E11: Монтаж скобы-держателя ND2312, шт | F11: 68
A12: 46099 | B12: День | C12: 406/3 | D12: 4 | E12: Монтаж полосы заземления 25x4, м | F12: 30 | G12: 111
C13: 406/3 | E13: Монтаж скобы-держателя ND2312, шт | F13: 60
A14: 46100 | B14: День | C14: 406/1 | D14: 4 | E14: Монтаж консоли 300 мм, шт | F14: 6 | H14: Не было 2 часа электропитания
C15: 406/1 | E15: Монтаж консоли 400 мм, шт | F15: 15
C16: 406/1 | E16: Монтаж лотка перф. 200х80, м | F16: 6
A17: 46100 | B17: День | C17: 406/1 | D17: 2 | E17: Комплектация и доставка материала со склада | F17: —
A18: 46101 | B18: День | C18: 406/1 | D18: 10 | E18: Монтаж шпилек М8, шт | F18: 40 | G18: 101, 111, 116, +9000
C19: 406/1 | E19: Монтаж полосы заземления, м | F19: 18
C20: 406/1 | E20: Монтаж скобы-держателя ND2312, шт | F20: 30
A21: 46102 | B21: День | C21: 406/1 | D21: 11 | E21: Монтаж шпилек М8, шт | F21: 40 | G21: 116, +9500
C22: 406/1 | E22: Монтаж консоли 400 мм, шт | F22: 12
C23: 406/1 | E23: Монтаж полосы заземления 25x4, м | F23: 30
C24: 406/1 | E24: Монтаж скобы-держателя ND2312, шт | F24: 68
A25: 46102 | B25: День | C25: 450 | D25: 1 | E25: Комплектация и доставка материала со склада | F25: —
A26: 46102 | B26: День | C26: 450 | D26: 5 | E26: Монтаж полосы заземления 25x4, м | F26: 20
C27: 450 | E27: Монтаж скобы-держателя ND2312, шт | F27: 20
A28: 46103 | B28: День | C28: 406/1 | D28: 14 | E28: Разметка отверстий шт | F28: 5 | G28: 112, 111, +9500
C29: 406/1 | E29: Монтаж консоли 400 мм, шт | F29: 15
C30: 406/1 | E30: Монтаж полосы заземления 25x4, м | F30: 24
C31: 406/1 | E31: Монтаж скобы-держателя ND2312, шт | F31: 48
C32: 406/1 | E32: Монтаж шпилек М8, шт | F32: 175
C33: 406/1 | E33: Заготовка гильзопакетов | F33: 50
A34: 46103 | B34: День | C34: 450 | D34: 7 | E34: Монтаж полосы заземления 25x4, м | F34: 60
C35: 450 | E35: Монтаж скобы-держателя ND2312, шт | F35: 60
A36: 46104 | B36: День | C36: 406/1 | D36: 14 | E36: Разметка отверстий шт | F36: 5
C37: 406/1 | E37: Монтаж консоли, шт | F37: 15
C38: 406/1 | E38: Монтаж полосы заземления, м | F38: 24
C39: 406/1 | E39: Монтаж скобы-держателя ND2312, шт | F39: 48 | H39: Сборка и разборка лесов. Продолжительность времени 60 минут
C40: 406/1 | E40: Монтаж шпилек М8, шт | F40: 175
C41: 406/1 | E41: Заготовка гильзопакетов | F41: 50
A42: 46104 | B42: День | C42: 450 | D42: 6 | E42: Монтаж полосы заземления, м | F42: 45
C43: 450 | E43: Монтаж скобы-держателя ND2312, шт | F43: 50
A44: 46105 | B44: День | C44: 406/1 | D44: 2 | E44: Монтаж анкерного болта шт | F44: 38
A45: 46105 | B45: День | C45: 450 | D45: 6 | E45: Монтаж полосы заземления, м | F45: 50 | H45: Сборка и разборка лесов. Продолжительность времени 60 минут
C46: 450 | E46: Монтаж скобы-держателя ND2312, шт | F46: 50
A47: 46105 | B47: День | C47: 406/2 | D47: 8 | E47: Изготовление отверстий, шт | F47: 140
C48: 406/2 | E48: Монтаж полосы заземления, м | F48: 24
C49: 406/2 | E49: Монтаж скобы-держателя ND2312, шт | F49: 48
A50: 46105 | B50: День | C50: 406/3 | D50: 5 | E50: Монтаж полосы заземления, м | F50: 25
C51: 406/3 | E51: Монтаж скобы-держателя ND2312, шт | F51: 47
A52: 46105 | B52: День | C52: 406/3 | D52: 1 | E52: Комплектация и доставка материала со склада | F52: —
A53: 46106 | B53: День | C53: 406/1 | D53: 9 | E53: Монтаж лотка лест. 300х80, м | F53: 25
C54: 406/1 | E54: Монтаж лотка 200х80, м | F54: 10
C55: 406/1 | E55: Монтаж консоли, шт | F55: 20
A56: 46106 | B56: День | C56: 406/2 | D56: 13 | E56: Монтаж полосы заземления, м | F56: 43
C57: 406/2 | E57: Монтаж скобы-держателя ND2312, шт | F57: 99
C58: 406/2 | E58: Монтаж шпилек М8, шт | F58: 250 | H58: Сборка и разборка лесов. Продолжительность времени 60 минут
A59: 46106 | B59: День | C59: 406/3 | D59: 3 | E59: Монтаж скобы-держателя ND2312, шт | F59: 90
A60: 46107 | B60: День | C60: 406/3 | D60: 4 | E60: Разметка полосы заземления 25x4, м | F60: 48 | G60: 111, +3500 | H60: Сборка и разборка лесов. Продолжительность времени 60 минут
C61: 406/3 | E61: Разметка отверстий под скобу держатель шт | F61: 96
A62: 46107 | B62: День | C62: 406/3 | D62: 4 | E62: Монтаж полосы заземления 25x4, м | F62: 30 | G62: 101
A63: 46107 | B63: День | C63: 406/1 | D63: 3 | E63: Монтаж скобы-держателя ND2312, шт | F63: 20 | G63: 119
A64: 46107 | B64: День | C64: 406/2 | D64: 4 | E64: Монтаж шпилек М8, шт | F64: 30 | G64: 116, +9500
A65: 46107 | B65: День | C65: 406/1 | D65: 3 | E65: Монтаж лотка лест. 300х80, м | F65: 15 | G65: 101
A66: 46107 | B66: День | C66: 406/1 | D66: 2 | E66: Комплектация и доставка материала со склада | F66: —
A67: 46108 | B67: День | C67: 406/1 | D67: 4 | E67: Монтаж скобы-держателя ND2312, шт | F67: 54 | G67: 101, +6900
A68: 46108 | B68: День | C68: 406/2 | D68: 4 | E68: Монтаж шпилек М8, шт | F68: 58 | G68: 116, +9500
A69: 46108 | B69: День | C69: 406/1 | D69: 3 | E69: Монтаж скобы-держателя ND2312, шт | F69: 20 | G69: 118
A70: 46108 | B70: День | C70: 406/1 | D70: 2 | E70: Сварка и зачистка стыков | F70: 20 | H70: 406/1 и 406/2
A71: 46108 | B71: День | C71: 406/3 | D71: 5 | E71: Монтаж скобы-держателя ND2312, шт | F71: 40 | G71: 111
A72: 46108 | B72: День | C72: 406/1 | D72: 5 | E72: Монтаж лотка перф. 50x50, м | F72: 24 | G72: 116, +9500
A73: 46108 | B73: День | C73: 406/1 | D73: 2 | E73: Комплектация и доставка материала со склада | F73: —
A74: 46109 | B74: День | C74: 406/1 | D74: 6 | E74: Монтаж полосы заземления 25x4, м | F74: 50 | G74: 101, +6900
A75: 46109 | B75: День | C75: 406/1 | D75: 4 | E75: Монтаж полосы заземления 25x4, м | F75: 15 | G75: 101, +300
A76: 46109 | B76: День | C76: 406/1 | D76: 6 | E76: Монтаж лотка перф. 50x50, м | F76: 64 | G76: 116
A77: 46109 | B77: День | C77: 406/1 | D77: 5 | E77: Разметка полосы заземления 25x4, м | F77: 50 | G77: 111, +6900
C78: 406/1 | E78: Разметка отверстий под скобу держатель шт | F78: 96
A79: 46109 | B79: День | C79: 406/1 | D79: 5 | E79: Разметка полосы заземления 25x4, м | F79: 20 | G79: 116, +300
C80: 406/1 | E80: Разметка отверстий под скобу держатель шт | F80: 40
A81: 46109 | B81: День | C81: 406/1 | D81: 3 | E81: Разметка полосы заземления, м | F81: 12 | G81: 114, +300
C82: 406/1 | E82: Разметка отверстий под скобу держатель шт | F82: 24
A83: 46109 | B83: День | C83: 406/1 | D83: 2 | E83: Комплектация и доставка материала со склада | F83: —
A84: 46110 | B84: День | C84: 406/1 | D84: 3 | E84: Монтаж полосы заземления 25x4, м | F84: 17 | G84: 101, +6900
A85: 46110 | B85: День | C85: 406/1 | D85: 5 | E85: Монтаж полосы заземления 25x4, м | F85: 17 | G85: 113, 117
C86: 406/1 | E86: Монтаж скобы-держателя ND2312, шт | F86: 34
A87: 46110 | B87: День | C87: 406/1 | D87: 5 | E87: Монтаж полосы заземления 25x4, м | F87: 18 | G87: 116
C88: 406/1 | E88: Монтаж скобы-держателя ND2312, шт | F88: 32
A89: 46110 | B89: День | C89: 406/1 | D89: 6 | E89: Монтаж лотка перф. 50x50, м | F89: 60 | G89: 116, +9500
A90: 46110 | B90: День | C90: 406/1 | D90: 6 | E90: Монтаж полосы заземления 25x4, м | F90: 27 | G90: 116, +300
C91: 406/1 | E91: Монтаж скобы-держателя ND2312, шт | F91: 53
A92: 46110 | B92: День | C92: 406/1 | D92: 5 | E92: Монтаж полосы заземления 25x4, м | F92: 6 | G92: 112
C93: 406/1 | E93: Монтаж скобы-держателя ND2312, шт | F93: 12
C94: 406/1 | E94: Монтаж консоли 300 мм, шт | F94: 5
A95: 46110 | B95: День | C95: 406/1 | D95: 3 | E95: Комплектация и доставка материала со склада | F95: —
A96: 46111 | B96: День | C96: 406/1 | D96: 5 | E96: Монтаж лотка перф. 50x50, м | F96: 15 | G96: 116, +9500
C97: 406/1 | E97: Монтаж заземления лотка IEK 200мм D=6мм 4мм.кв, шт | F97: 25
A98: 46111 | B98: День | C98: 406/1 | D98: 3 | E98: Монтаж полосы заземления 25x4, м | F98: 18 | G98: 116
A99: 46111 | B99: День | C99: 406/1 | D99: 1 | E99: Заготовка гильзопакетов | F99: 12 | H99: Длина одной трубы 850 мм
A100: 46111 | B100: День | C100: 406/2 | D100: 6 | E100: Монтаж скобы-держателя ND2312, шт | F100: 84 | G100: 101, +3500
...

Sheet Общий Объём работ
A1: Общий отчет выполненых работ ООО "КСИ" | E1: =TODAY() -> 46195
A2: Тип работы | B2: Наименование работ | C2: 406/1 | D2: 406/2 | E2: Заложено по спец. | F2: Остаток 406/1 | G2: Остаток 406/2 | H2: Примечание | I2: Наличие на складе | J2: ЭМ | K2: ЭО
B3: Изготовление отверстий, шт | C3: =SUMIFS('Журнал Работ'!F:F,'Журнал Работ'!E:E,B3,'Журнал Работ'!C:C,$C$2) -> 4 | D3: =SUMIFS('Журнал Работ'!F:F,'Журнал Работ'!E:E,B3,'Журнал Работ'!C:C,$D$2) -> 222 | H3: прочие работы
B4: Бурение под гильзы/гильзо-пакеты | C4: =SUMIFS('Журнал Работ'!F:F,'Журнал Работ'!E:E,B4,'Журнал Работ'!C:C,$C$2) -> 8 | D4: =SUMIFS('Журнал Работ'!F:F,'Журнал Работ'!E:E,B4,'Журнал Работ'!C:C,$D$2) -> 2 | H4: прочие работы
B5: Выгрузка щита | C5: =SUMIFS('Журнал Работ'!F:F,'Журнал Работ'!E:E,B5,'Журнал Работ'!C:C,$C$2) -> 2 | D5: =SUMIFS('Журнал Работ'!F:F,'Журнал Работ'!E:E,B5,'Журнал Работ'!C:C,$D$2) -> 0 | H5: прочие работы
B6: Выравнивание и крепление лотков | C6: =SUMIFS('Журнал Работ'!F:F,'Журнал Работ'!E:E,B6,'Журнал Работ'!C:C,$C$2) -> 0 | D6: =SUMIFS('Журнал Работ'!F:F,'Журнал Работ'!E:E,B6,'Журнал Работ'!C:C,$D$2) -> 0 | H6: прочие работы
B7: Гереметизация отверстий гильзо-пакетов | C7: =SUMIFS('Журнал Работ'!F:F,'Журнал Работ'!E:E,B7,'Журнал Работ'!C:C,$C$2) -> 0 | D7: =SUMIFS('Журнал Работ'!F:F,'Журнал Работ'!E:E,B7,'Журнал Работ'!C:C,$D$2) -> 0 | H7: прочие работы
B8: Демонтаж временых консолей, шт | C8: =SUMIFS('Журнал Работ'!F:F,'Журнал Работ'!E:E,B8,'Журнал Работ'!C:C,$C$2) -> 0 | D8: =SUMIFS('Журнал Работ'!F:F,'Журнал Работ'!E:E,B8,'Журнал Работ'!C:C,$D$2) -> 13 | H8: прочие работы
B9: Демонтаж лотка лест. 300х80, м | C9: =SUMIFS('Журнал Работ'!F:F,'Журнал Работ'!E:E,B9,'Журнал Работ'!C:C,$C$2) -> 0 | D9: =SUMIFS('Журнал Работ'!F:F,'Журнал Работ'!E:E,B9,'Журнал Работ'!C:C,$D$2) -> 8.5 | H9: прочие работы
B10: Демонтаж лотка лест. 400х80, м | C10: =SUMIFS('Журнал Работ'!F:F,'Журнал Работ'!E:E,B10,'Журнал Работ'!C:C,$C$2) -> 3 | D10: =SUMIFS('Журнал Работ'!F:F,'Журнал Работ'!E:E,B10,'Журнал Работ'!C:C,$D$2) -> 0 | H10: прочие работы
B11: Демонтаж РК, шт | C11: =SUMIFS('Журнал Работ'!F:F,'Журнал Работ'!E:E,B11,'Журнал Работ'!C:C,$C$2) -> 5 | D11: =SUMIFS('Журнал Работ'!F:F,'Журнал Работ'!E:E,B11,'Журнал Работ'!C:C,$D$2) -> 0 | H11: прочие работы
B12: Демонтаж трубы ВГП Дн20, м | C12: =SUMIFS('Журнал Работ'!F:F,'Журнал Работ'!E:E,B12,'Журнал Работ'!C:C,$C$2) -> 20 | D12: =SUMIFS('Журнал Работ'!F:F,'Журнал Работ'!E:E,B12,'Журнал Работ'!C:C,$D$2) -> 0 | H12: прочие работы
B13: Демонтаж/монтаж гофры Дн20 | C13: =SUMIFS('Журнал Работ'!F:F,'Журнал Работ'!E:E,B13,'Журнал Работ'!C:C,$C$2) -> 34 | D13: =SUMIFS('Журнал Работ'!F:F,'Журнал Работ'!E:E,B13,'Журнал Работ'!C:C,$D$2) -> 0 | H13: прочие работы
B14: Демонтаж/монтаж кабеля, м | C14: =SUMIFS('Журнал Работ'!F:F,'Журнал Работ'!E:E,B14,'Журнал Работ'!C:C,$C$2) -> 54 | D14: =SUMIFS('Журнал Работ'!F:F,'Журнал Работ'!E:E,B14,'Журнал Работ'!C:C,$D$2) -> 5 | H14: прочие работы
... B30: Комплектация и заготовка материала | C30: =SUMIFS('Журнал Работ'!F:F,'Журнал Работ'!E:E,B30,'Журнал Работ'!C:C,$C$2) -> 0 | D30: =SUMIFS('Журнал Работ'!F:F,'Журнал Работ'!E:E,B30,'Журнал Работ'!C:C,$D$2) -> 0 | H30: прочие работы
B31: Монтаж анкерного болта шт | C31: =SUMIFS('Журнал Работ'!F:F,'Журнал Работ'!E:E,B31,'Журнал Работ'!C:C,$C$2) -> 38 | D31: =SUMIFS('Журнал Работ'!F:F,'Журнал Работ'!E:E,B31,'Журнал Работ'!C:C,$D$2) -> 0
B32: Монтаж БАП, шт | C32: =SUMIFS('Журнал Работ'!F:F,'Журнал Работ'!E:E,B32,'Журнал Работ'!C:C,$C$2) -> 96 | D32: =SUMIFS('Журнал Работ'!F:F,'Журнал Работ'!E:E,B32,'Журнал Работ'!C:C,$D$2) -> 58
B33: Монтаж временных консолей шт | C33: =SUMIFS('Журнал Работ'!F:F,'Журнал Работ'!E:E,B33,'Журнал Работ'!C:C,$C$2) -> 8 | D33: =SUMIFS('Журнал Работ'!F:F,'Журнал Работ'!E:E,B33,'Журнал Работ'!C:C,$D$2) -> 13 | H33: прочие работы
B34: Монтаж гильз/гильзопакетов | C34: =SUMIFS('Журнал Работ'!F:F,'Журнал Работ'!E:E,B34,'Журнал Работ'!C:C,$C$2) -> 29 | D34: =SUMIFS('Журнал Работ'!F:F,'Журнал Работ'!E:E,B34,'Журнал Работ'!C:C,$D$2) -> 18 | H34: прочие работы
B35: Монтаж гофры Дн20, м | C35: =SUMIFS('Журнал Работ'!F:F,'Журнал Работ'!E:E,B35,'Журнал Работ'!C:C,$C$2) -> 2324 | D35: =SUMIFS('Журнал Работ'!F:F,'Журнал Работ'!E:E,B35,'Журнал Работ'!C:C,$D$2) -> 650.5
B36: Монтаж гофры Дн25, м | C36: =SUMIFS('Журнал Работ'!F:F,'Журнал Работ'!E:E,B36,'Журнал Работ'!C:C,$C$2) -> 30 | D36: =SUMIFS('Журнал Работ'!F:F,'Журнал Работ'!E:E,B36,'Журнал Работ'!C:C,$D$2) -> 0
B37: Монтаж заземления лотка IEK 200мм D=6мм 4мм.кв, шт | C37: =SUMIFS('Журнал Работ'!F:F,'Журнал Работ'!E:E,B37,'Журнал Работ'!C:C,$C$2) -> 245 | D37: =SUMIFS('Журнал Работ'!F:F,'Журнал Работ'!E:E,B37,'Журнал Работ'!C:C,$D$2) -> 218
B38: Монтаж заземлителя уголок верт. 50x50х5 L3000, шт | C38: =SUMIFS('Журнал Работ'!F:F,'Журнал Работ'!E:E,B38,'Журнал Работ'!C:C,$C$2) -> 35 | D38: =SUMIFS('Журнал Работ'!F:F,'Журнал Работ'!E:E,B38,'Журнал Работ'!C:C,$D$2) -> 37
A39: Кабель | B39: Монтаж кабеля ВВГнг(А)-LS 4х2,5, м | C39: =SUMIFS('Журнал Работ'!F:F,'Журнал Работ'!E:E,B39,'Журнал Работ'!C:C,$C$2) -> 1505 | D39: =SUMIFS('Журнал Работ'!F:F,'Журнал Работ'!E:E,B39,'Журнал Работ'!C:C,$D$2) -> 100 | E39: 2075 | F39: =E39-Таблица1[[#This Row],[406/1]] -> 570 | G39: =E39-Таблица1[[#This Row],[406/2]] -> 1975 | J39: 128
A40: Кабель | B40: Монтаж кабеля ВВГнг(А)-FRLS 4х2,5, м | C40: =SUMIFS('Журнал Работ'!F:F,'Журнал Работ'!E:E,B40,'Журнал Работ'!C:C,$C$2) -> 249 | D40: =SUMIFS('Журнал Работ'!F:F,'Журнал Работ'!E:E,B40,'Журнал Работ'!C:C,$D$2) -> 25 | F40: =E40-Таблица1[[#This Row],[406/1]] -> -249 | G40: =E40-Таблица1[[#This Row],[406/2]] -> -25 | J40: 129
A41: Кабель | B41: Монтаж кабеля ВВГнг(А)-FRLS 3х1,5, м | C41: =SUMIFS('Журнал Работ'!F:F,'Журнал Работ'!E:E,B41,'Журнал Работ'!C:C,$C$2) -> 792 | D41: =SUMIFS('Журнал Работ'!F:F,'Журнал Работ'!E:E,B41,'Журнал Работ'!C:C,$D$2) -> 57 | E41: =J41+K41 -> 1457 | F41: =E41-Таблица1[[#This Row],[406/1]] -> 665 | G41: =E41-Таблица1[[#This Row],[406/2]] -> 1400 | J41: 1132 | K41: 325
A42: Кабель | B42: Монтаж кабеля ВВГнг(А)-FRLST 3х2,5, м | C42: =SUMIFS('Журнал Работ'!F:F,'Журнал Работ'!E:E,B42,'Журнал Работ'!C:C,$C$2) -> 31 | D42: =SUMIFS('Журнал Работ'!F:F,'Журнал Работ'!E:E,B42,'Журнал Работ'!C:C,$D$2) -> 0
A43: Кабель | B43: Монтаж кабеля ВВГнг(А)-FRLS 4х1,5, м | C43: =SUMIFS('Журнал Работ'!F:F,'Журнал Работ'!E:E,B43,'Журнал Работ'!C:C,$C$2) -> 1471 | D43: =SUMIFS('Журнал Работ'!F:F,'Журнал Работ'!E:E,B43,'Журнал Работ'!C:C,$D$2) -> 168 | E43: =J43+K43 -> 1151 | F43: =E43-Таблица1[[#This Row],[406/1]] -> -320 | G43: =E43-Таблица1[[#This Row],[406/2]] -> 983 | K43: 1151
A44: Кабель | B44: Монтаж кабеля ВВГнг(А)-LS 3х1,5, м | C44: =SUMIFS('Журнал Работ'!F:F,'Журнал Работ'!E:E,B44,'Журнал Работ'!C:C,$C$2) -> 2499 | D44: =SUMIFS('Журнал Работ'!F:F,'Журнал Работ'!E:E,B44,'Журнал Работ'!C:C,$D$2) -> 615.5 | E44: =J44+K44 -> 649 | F44: =E44-Таблица1[[#This Row],[406/1]] -> -1850 | G44: =E44-Таблица1[[#This Row],[406/2]] -> 33.5 | K44: 649
A45: Кабель | B45: Монтаж кабеля ВВГнг(А)-LS 3х2,5, м | C45: =SUMIFS('Журнал Работ'!F:F,'Журнал Работ'!E:E,B45,'Журнал Работ'!C:C,$C$2) -> 359 | D45: =SUMIFS('Журнал Работ'!F:F,'Журнал Работ'!E:E,B45,'Журнал Работ'!C:C,$D$2) -> 23 | E45: =J45+K45 -> 288 | F45: =E45-Таблица1[[#This Row],[406/1]] -> -71 | G45: =E45-Таблица1[[#This Row],[406/2]] -> 265 | J45: 86 | K45: 202
A46: Кабель | B46: Монтаж кабеля КВВГнг(А)-LS 4х1,5, м | C46: =SUMIFS('Журнал Работ'!F:F,'Журнал Работ'!E:E,B46,'Журнал Работ'!C:C,$C$2) -> 622 | D46: =SUMIFS('Журнал Работ'!F:F,'Журнал Работ'!E:E,B46,'Журнал Работ'!C:C,$D$2) -> 0 | E46: 1151 | F46: =E46-Таблица1[[#This Row],[406/1]] -> 529 | G46: =E46-Таблица1[[#This Row],[406/2]] -> 1151 | H46: всесто КВВГнг(А)-LS 3х1,5, м
A47: Кабель | B47: Монтаж кабеля КВВГнг(А)-LS 7х1,5, м | C47: =SUMIFS('Журнал Работ'!F:F,'Журнал Работ'!E:E,B47,'Журнал Работ'!C:C,$C$2) -> 585 | D47: =SUMIFS('Журнал Работ'!F:F,'Журнал Работ'!E:E,B47,'Журнал Работ'!C:C,$D$2) -> 153 | F47: =E47-Таблица1[[#This Row],[406/1]] -> -585 | G47: =E47-Таблица1[[#This Row],[406/2]] -> -153
A48: Кабель | B48: Монтаж кабеля ВВГнг(А)-LS 3х4, м | C48: =SUMIFS('Журнал Работ'!F:F,'Журнал Работ'!E:E,B48,'Журнал Работ'!C:C,$C$2) -> 22 | D48: =SUMIFS('Журнал Работ'!F:F,'Журнал Работ'!E:E,B48,'Журнал Работ'!C:C,$D$2) -> 0 | F48: =E48-Таблица1[[#This Row],[406/1]] -> -22 | G48: =E48-Таблица1[[#This Row],[406/2]] -> 0 | H48: убрали с проекта
A49: Кабель | B49: Монтаж кабеля ВВГнг(А)-LS 5х1,5, м | C49: =SUMIFS('Журнал Работ'!F:F,'Журнал Работ'!E:E,B49,'Журнал Работ'!C:C,$C$2) -> 295 | D49: =SUMIFS('Журнал Работ'!F:F,'Журнал Работ'!E:E,B49,'Журнал Работ'!C:C,$D$2) -> 140 | E49: =J49+K49 -> 889 | F49: =E49-Таблица1[[#This Row],[406/1]] -> 594 | G49: =E49-Таблица1[[#This Row],[406/2]] -> 749 | J49: 749 | K49: 140
A50: Кабель | B50: Монтаж кабеля ВВГнг(А)-LS 5х2,5, м | C50: =SUMIFS('Журнал Работ'!F:F,'Журнал Работ'!E:E,B50,'Журнал Работ'!C:C,$C$2) -> 769 | D50: =SUMIFS('Журнал Работ'!F:F,'Журнал Работ'!E:E,B50,'Журнал Работ'!C:C,$D$2) -> 191 | E50: =J50+K50 -> 1123 | F50: =E50-Таблица1[[#This Row],[406/1]] -> 354 | G50: =E50-Таблица1[[#This Row],[406/2]] -> 932 | J50: 948 | K50: 175
A51: Кабель | B51: Монтаж кабеля ВВГнг(А)-LS 5х4, м | C51: =SUMIFS('Журнал Работ'!F:F,'Журнал Работ'!E:E,B51,'Журнал Работ'!C:C,$C$2) -> 1185 | D51: =SUMIFS('Журнал Работ'!F:F,'Журнал Работ'!E:E,B51,'Журнал Работ'!C:C,$D$2) -> 0 | E51: 1110 | F51: =E51-Таблица1[[#This Row],[406/1]] -> -75 | G51: =E51-Таблица1[[#This Row],[406/2]] -> 1110
A52: Кабель | B52: Монтаж кабеля ВВГнг(А)-LS 5х6, м | C52: =SUMIFS('Журнал Работ'!F:F,'Журнал Работ'!E:E,B52,'Журнал Работ'!C:C,$C$2) -> 44 | D52: =SUMIFS('Журнал Работ'!F:F,'Журнал Работ'!E:E,B52,'Журнал Работ'!C:C,$D$2) -> 0 | E52: =J52+K52 -> 42 | F52: =E52-Таблица1[[#This Row],[406/1]] -> -2 | G52: =E52-Таблица1[[#This Row],[406/2]] -> 42 | J52: 42
A53: Кабель | B53: Монтаж кабеля ВВГнг(А)-LS 5х16, м | C53: =SUMIFS('Журнал Работ'!F:F,'Журнал Работ'!E:E,B53,'Журнал Работ'!C:C,$C$2) -> 185 | D53: =SUMIFS('Журнал Работ'!F:F,'Журнал Работ'!E:E,B53,'Журнал Работ'!C:C,$D$2) -> 0 | E53: 200 | F53: =E53-Таблица1[[#This Row],[406/1]] -> 15 | G53: =E53-Таблица1[[#This Row],[406/2]] -> 200
A54: Кабель | B54: Монтаж кабеля ВВГнг(А)-LS 5х25, м | C54: =SUMIFS('Журнал Работ'!F:F,'Журнал Работ'!E:E,B54,'Журнал Работ'!C:C,$C$2) -> 33 | D54: =SUMIFS('Журнал Работ'!F:F,'Журнал Работ'!E:E,B54,'Журнал Работ'!C:C,$D$2) -> 0 | E54: 200 | F54: =E54-Таблица1[[#This Row],[406/1]] -> 167 | G54: =E54-Таблица1[[#This Row],[406/2]] -> 200
A55: Кабель | B55: Монтаж кабеля ВВГнг(А)-LS 5х35, м | C55: =SUMIFS('Журнал Работ'!F:F,'Журнал Работ'!E:E,B55,'Журнал Работ'!C:C,$C$2) -> 239 | D55: =SUMIFS('Журнал Работ'!F:F,'Журнал Работ'!E:E,B55,'Журнал Работ'!C:C,$D$2) -> 0
A56: Кабель | B56: Монтаж кабеля ВВГнг(А)-LS 5х70, м | C56: =SUMIFS('Журнал Работ'!F:F,'Журнал Работ'!E:E,B56,'Журнал Работ'!C:C,$C$2) -> 497 | D56: =SUMIFS('Журнал Работ'!F:F,'Журнал Работ'!E:E,B56,'Журнал Работ'!C:C,$D$2) -> 0 | E56: =J56+K56 -> 612 | F56: =E56-Таблица1[[#This Row],[406/1]] -> 115 | G56: =E56-Таблица1[[#This Row],[406/2]] -> 612 | J56: 612
A57: Кабель | B57: Монтаж кабеля ВВГнг(А)-FRLST 5х70, м | C57: =SUMIFS('Журнал Работ'!F:F,'Журнал Работ'!E:E,B57,'Журнал Работ'!C:C,$C$2) -> 163 | D57: =SUMIFS('Журнал Работ'!F:F,'Журнал Работ'!E:E,B57,'Журнал Работ'!C:C,$D$2) -> 0
A58: Кабель | B58: Монтаж кабеля ВВГнг(А)-LS 5х95, м | C58: =SUMIFS('Журнал Работ'!F:F,'Журнал Работ'!E:E,B58,'Журнал Работ'!C:C,$C$2) -> 44 | D58: =SUMIFS('Журнал Работ'!F:F,'Журнал Работ'!E:E,B58,'Журнал Работ'!C:C,$D$2) -> 0 | E58: =J58+K58 -> 186 | F58: =E58-Таблица1[[#This Row],[406/1]] -> 142 | G58: =E58-Таблица1[[#This Row],[406/2]] -> 186 | J58: 186
A59: Кабель | B59: Монтаж кабеля КВВГнг(А)-LS 5х1,5, м | C59: =SUMIFS('Журнал Работ'!F:F,'Журнал Работ'!E:E,B59,'Журнал Работ'!C:C,$C$2) -> 735 | D59: =SUMIFS('Журнал Работ'!F:F,'Журнал Работ'!E:E,B59,'Журнал Работ'!C:C,$D$2) -> 0 | E59: =J59+K59 -> 749 | F59: =E59-Таблица1[[#This Row],[406/1]] -> 14 | G59: =E59-Таблица1[[#This Row],[406/2]] -> 749 | J59: 749
A60: Кабель | B60: Монтаж кабеля ПРКС 2х0,75 (штатный) | C60: =SUMIFS('Журнал Работ'!F:F,'Журнал Работ'!E:E,B60,'Журнал Работ'!C:C,$C$2) -> 1086 | D60: =SUMIFS('Журнал Работ'!F:F,'Журнал Работ'!E:E,B60,'Журнал Работ'!C:C,$D$2) -> 1114 | E60: =J60+K60 -> 1848 | F60: =E60-Таблица1[[#This Row],[406/1]] -> 762 | G60: =E60-Таблица1[[#This Row],[406/2]] -> 734 | H60: вместо ПРКА (ЭО) | K60: =912+936 -> 1848
A61: Кабель | B61: Монтаж кабеля, м | C61: =SUMIFS('Журнал Работ'!F:F,'Журнал Работ'!E:E,B61,'Журнал Работ'!C:C,$C$2) -> 125 | D61: =SUMIFS('Журнал Работ'!F:F,'Журнал Работ'!E:E,B61,'Журнал Работ'!C:C,$D$2) -> 0 | F61: =E61-Таблица1[[#This Row],[406/1]] -> -125 | G61: =E61-Таблица1[[#This Row],[406/2]] -> 0 | H61: не указан какой
B62: Монтаж консоли 200 мм, шт | C62: =SUMIFS('Журнал Работ'!F:F,'Журнал Работ'!E:E,B62,'Журнал Работ'!C:C,$C$2) -> 59 | D62: =SUMIFS('Журнал Работ'!F:F,'Журнал Работ'!E:E,B62,'Журнал Работ'!C:C,$D$2) -> 6 | E62: =J62+K62 -> 46 | F62: =E62-Таблица1[[#This Row],[406/1]] -> -13 | G62: =E62-Таблица1[[#This Row],[406/2]] -> 40 | K62: 46
B63: Монтаж консоли 300 мм, шт | C63: =SUMIFS('Журнал Работ'!F:F,'Журнал Работ'!E:E,B63,'Журнал Работ'!C:C,$C$2) -> 65 | D63: =SUMIFS('Журнал Работ'!F:F,'Журнал Работ'!E:E,B63,'Журнал Работ'!C:C,$D$2) -> 61 | E63: =J63+K63 -> 328 | F63: =E63-Таблица1[[#This Row],[406/1]] -> 263 | G63: =E63-Таблица1[[#This Row],[406/2]] -> 267 | J63: 286 | K63: 42
B64: Монтаж консоли 400 мм, шт | C64: =SUMIFS('Журнал Работ'!F:F,'Журнал Работ'!E:E,B64,'Журнал Работ'!C:C,$C$2) -> 132 | D64: =SUMIFS('Журнал Работ'!F:F,'Журнал Работ'!E:E,B64,'Журнал Работ'!C:C,$D$2) -> 51 | E64: =J64+K64 -> 48 | F64: =E64-Таблица1[[#This Row],[406/1]] -> -84 | G64: =E64-Таблица1[[#This Row],[406/2]] -> -3 | J64: 48
B65: Монтаж консоли 600 мм, шт | C65: =SUMIFS('Журнал Работ'!F:F,'Журнал Работ'!E:E,B65,'Журнал Работ'!C:C,$C$2) -> 50 | D65: =SUMIFS('Журнал Работ'!F:F,'Журнал Работ'!E:E,B65,'Журнал Работ'!C:C,$D$2) -> 89 | E65: =J65+K65 -> 62 | F65: =E65-Таблица1[[#This Row],[406/1]] -> 12 | G65: =E65-Таблица1[[#This Row],[406/2]] -> -27 | K65: 62
B66: Монтаж консоли 650 мм, шт | C66: =SUMIFS('Журнал Работ'!F:F,'Журнал Работ'!E:E,B66,'Журнал Работ'!C:C,$C$2) -> 0 | D66: =SUMIFS('Журнал Работ'!F:F,'Журнал Работ'!E:E,B66,'Журнал Работ'!C:C,$D$2) -> 57 | E66: =J66+K66 -> 262 | F66: =E66-Таблица1[[#This Row],[406/1]] -> 262 | G66: =E66-Таблица1[[#This Row],[406/2]] -> 205 | J66: 262
B67: Монтаж консоли 750 мм, шт | C67: =SUMIFS('Журнал Работ'!F:F,'Журнал Работ'!E:E,B67,'Журнал Работ'!C:C,$C$2) -> 20 | D67: =SUMIFS('Журнал Работ'!F:F,'Журнал Работ'!E:E,B67,'Журнал Работ'!C:C,$D$2) -> 0 | E67: =J67+K67 -> 88 | F67: =E67-Таблица1[[#This Row],[406/1]] -> 68 | G67: =E67-Таблица1[[#This Row],[406/2]] -> 88 | K67: 88
B68: Монтаж консоли 900 мм, шт | C68: =SUMIFS('Журнал Работ'!F:F,'Журнал Работ'!E:E,B68,'Журнал Работ'!C:C,$C$2) -> 0 | D68: =SUMIFS('Журнал Работ'!F:F,'Журнал Работ'!E:E,B68,'Журнал Работ'!C:C,$D$2) -> 3 | E68: =J68+K68 -> 7 | F68: =E68-Таблица1[[#This Row],[406/1]] -> 7 | G68: =E68-Таблица1[[#This Row],[406/2]] -> 4 | J68: 7
B69: Монтаж консоли, шт | C69: =SUMIFS('Журнал Работ'!F:F,'Журнал Работ'!E:E,B69,'Журнал Работ'!C:C,$C$2) -> 80 | D69: =SUMIFS('Журнал Работ'!F:F,'Журнал Работ'!E:E,B69,'Журнал Работ'!C:C,$D$2) -> 20 | F69: =E69-Таблица1[[#This Row],[406/1]] -> -80 | G69: =E69-Таблица1[[#This Row],[406/2]] -> -20 | H69: не указан какой
B70: Монтаж крепления лотка LP1000, шт | C70: =SUMIFS('Журнал Работ'!F:F,'Журнал Работ'!E:E,B70,'Журнал Работ'!C:C,$C$2) -> 2 | D70: =SUMIFS('Журнал Работ'!F:F,'Журнал Работ'!E:E,B70,'Журнал Работ'!C:C,$D$2) -> 40 | F70: =E70-Таблица1[[#This Row],[406/1]] -> -2 | G70: =E70-Таблица1[[#This Row],[406/2]] -> -40 | H70: прочие работы
B71: Монтаж крепления под светильник | C71: =SUMIFS('Журнал Работ'!F:F,'Журнал Работ'!E:E,B71,'Журнал Работ'!C:C,$C$2) -> 0 | D71: =SUMIFS('Журнал Работ'!F:F,'Журнал Работ'!E:E,B71,'Журнал Работ'!C:C,$D$2) -> 7 | F71: =E71-Таблица1[[#This Row],[406/1]] -> 0 | G71: =E71-Таблица1[[#This Row],[406/2]] -> -7 | H71: прочие работы
A72: Каб.констр.(лоток) | B72: Монтаж лотка 200х80, м | C72: =SUMIFS('Журнал Работ'!F:F,'Журнал Работ'!E:E,B72,'Журнал Работ'!C:C,$C$2) -> 28 | D72: =SUMIFS('Журнал Работ'!F:F,'Журнал Работ'!E:E,B72,'Журнал Работ'!C:C,$D$2) -> 30 | F72: =E72-Таблица1[[#This Row],[406/1]] -> -28 | G72: =E72-Таблица1[[#This Row],[406/2]] -> -30 | H72: не указан какой
A73: Каб.констр.(лоток) | B73: Монтаж лотка лест. 200х80, м | C73: =SUMIFS('Журнал Работ'!F:F,'Журнал Работ'!E:E,B73,'Журнал Работ'!C:C,$C$2) -> 259 | D73: =SUMIFS('Журнал Работ'!F:F,'Журнал Работ'!E:E,B73,'Журнал Работ'!C:C,$D$2) -> 200.2 | E73: =J73+K73 -> 214 | F73: =E73-Таблица1[[#This Row],[406/1]] -> -45 | G73: =E73-Таблица1[[#This Row],[406/2]] -> 13.8 | J73: 214
A74: Каб.констр.(лоток) | B74: Монтаж лотка лест. 300х80, м | C74: =SUMIFS('Журнал Работ'!F:F,'Журнал Работ'!E:E,B74,'Журнал Работ'!C:C,$C$2) -> 40 | D74: =SUMIFS('Журнал Работ'!F:F,'Журнал Работ'!E:E,B74,'Журнал Работ'!C:C,$D$2) -> 5 | E74: =J74+K74 -> 52 | F74: =E74-Таблица1[[#This Row],[406/1]] -> 12 | G74: =E74-Таблица1[[#This Row],[406/2]] -> 47 | J74: 52
A75: Каб.констр.(лоток) | B75: Монтаж лотка лест. 400х80, м | C75: =SUMIFS('Журнал Работ'!F:F,'Журнал Работ'!E:E,B75,'Журнал Работ'!C:C,$C$2) -> 88 | D75: =SUMIFS('Журнал Работ'!F:F,'Журнал Работ'!E:E,B75,'Журнал Работ'!C:C,$D$2) -> 62 | E75: =J75+K75 -> 132 | F75: =E75-Таблица1[[#This Row],[406/1]] -> 44 | G75: =E75-Таблица1[[#This Row],[406/2]] -> 70 | J75: 132
A76: Каб.констр.(лоток) | B76: Монтаж лотка перф. 100х80, м | C76: =SUMIFS('Журнал Работ'!F:F,'Журнал Работ'!E:E,B76,'Журнал Работ'!C:C,$C$2) -> 102.8 | D76: =SUMIFS('Журнал Работ'!F:F,'Журнал Работ'!E:E,B76,'Журнал Работ'!C:C,$D$2) -> 87 | E76: =J76+K76 -> 90 | F76: =E76-Таблица1[[#This Row],[406/1]] -> -12.8 | G76: =E76-Таблица1[[#This Row],[406/2]] -> 3 | J76: 90
A77: Каб.констр.(лоток) | B77: Монтаж лотка перф. 100х100, м | C77: =SUMIFS('Журнал Работ'!F:F,'Журнал Работ'!E:E,B77,'Журнал Работ'!C:C,$C$2) -> 147 | D77: =SUMIFS('Журнал Работ'!F:F,'Журнал Работ'!E:E,B77,'Журнал Работ'!C:C,$D$2) -> 68 | F77: =E77-Таблица1[[#This Row],[406/1]] -> -147 | G77: =E77-Таблица1[[#This Row],[406/2]] -> -68 | H77: доп. материал
A78: Каб.констр.(лоток) | B78: Монтаж лотка перф. 200х80, м | C78: =SUMIFS('Журнал Работ'!F:F,'Журнал Работ'!E:E,B78,'Журнал Работ'!C:C,$C$2) -> 81.9 | D78: =SUMIFS('Журнал Работ'!F:F,'Журнал Работ'!E:E,B78,'Журнал Работ'!C:C,$D$2) -> 72.5 | E78: =J78+K78 -> 90 | F78: =E78-Таблица1[[#This Row],[406/1]] -> 8.1 | G78: =E78-Таблица1[[#This Row],[406/2]] -> 17.5 | J78: 90
A79: Каб.констр.(лоток) | B79: Монтаж лотка перф. 400х80, м | C79: =SUMIFS('Журнал Работ'!F:F,'Журнал Работ'!E:E,B79,'Журнал Работ'!C:C,$C$2) -> 1 | D79: =SUMIFS('Журнал Работ'!F:F,'Журнал Работ'!E:E,B79,'Журнал Работ'!C:C,$D$2) -> 0 | E79: =J79+K79 -> 69 | F79: =E79-Таблица1[[#This Row],[406/1]] -> 68 | G79: =E79-Таблица1[[#This Row],[406/2]] -> 69 | J79: 69
A80: Каб.констр.(лоток) | B80: Монтаж лотка перф. 50x50, м | C80: =SUMIFS('Журнал Работ'!F:F,'Журнал Работ'!E:E,B80,'Журнал Работ'!C:C,$C$2) -> 601.5 | D80: =SUMIFS('Журнал Работ'!F:F,'Журнал Работ'!E:E,B80,'Журнал Работ'!C:C,$D$2) -> 397 | E80: =J80+K80 -> 737 | F80: =E80-Таблица1[[#This Row],[406/1]] -> 135.5 | G80: =E80-Таблица1[[#This Row],[406/2]] -> 340 | K80: 737
A81: Каб.констр.(лоток) | B81: Монтаж разделительной полосы лотка, м | C81: =SUMIFS('Журнал Работ'!F:F,'Журнал Работ'!E:E,B81,'Журнал Работ'!C:C,$C$2) -> 208 | D81: =SUMIFS('Журнал Работ'!F:F,'Журнал Работ'!E:E,B81,'Журнал Работ'!C:C,$D$2) -> 104 | E81: =J81+K81 -> 414 | F81: =E81-Таблица1[[#This Row],[406/1]] -> 206 | G81: =E81-Таблица1[[#This Row],[406/2]] -> 310 | J81: 414
B82: Монтаж металлорукава Дн20 ПВХ, м | C82: =SUMIFS('Журнал Работ'!F:F,'Журнал Работ'!E:E,B82,'Журнал Работ'!C:C,$C$2) -> 1440 | D82: =SUMIFS('Журнал Работ'!F:F,'Журнал Работ'!E:E,B82,'Журнал Работ'!C:C,$D$2) -> 80 | E82: =J82+K82 -> 599 | F82: =E82-Таблица1[[#This Row],[406/1]] -> -841 | G82: =E82-Таблица1[[#This Row],[406/2]] -> 519 | J82: 398 | K82: 201
B83: Монтаж П-образный профиль DKC PSL, м | C83: =SUMIFS('Журнал Работ'!F:F,'Журнал Работ'!E:E,B83,'Журнал Работ'!C:C,$C$2) -> 110.5 | D83: =SUMIFS('Журнал Работ'!F:F,'Журнал Работ'!E:E,B83,'Журнал Работ'!C:C,$D$2) -> 59.8 | E83: =J83+K83 -> 168.5 | F83: =E83-Таблица1[[#This Row],[406/1]] -> 58 | G83: =E83-Таблица1[[#This Row],[406/2]] -> 108.7 | J83: 95 | K83: 73.5
B84: Монтаж поворота лотка 100 мм 45гр., шт | C84: =SUMIFS('Журнал Работ'!F:F,'Журнал Работ'!E:E,B84,'Журнал Работ'!C:C,$C$2) -> 0 | D84: =SUMIFS('Журнал Работ'!F:F,'Журнал Работ'!E:E,B84,'Журнал Работ'!C:C,$D$2) -> 2 | F84: =E84-Таблица1[[#This Row],[406/1]] -> 0 | G84: =E84-Таблица1[[#This Row],[406/2]] -> -2
B85: Монтаж поворота лотка 200 мм 45гр., шт | C85: =SUMIFS('Журнал Работ'!F:F,'Журнал Работ'!E:E,B85,'Журнал Работ'!C:C,$C$2) -> 8 | D85: =SUMIFS('Журнал Работ'!F:F,'Журнал Работ'!E:E,B85,'Журнал Работ'!C:C,$D$2) -> 10 | F85: =E85-Таблица1[[#This Row],[406/1]] -> -8 | G85: =E85-Таблица1[[#This Row],[406/2]] -> -10
B86: Монтаж поворота лотка 200 мм 90гр., шт | C86: =SUMIFS('Журнал Работ'!F:F,'Журнал Работ'!E:E,B86,'Журнал Работ'!C:C,$C$2) -> 4 | D86: =SUMIFS('Журнал Работ'!F:F,'Журнал Работ'!E:E,B86,'Журнал Работ'!C:C,$D$2) -> 13 | F86: =E86-Таблица1[[#This Row],[406/1]] -> -4 | G86: =E86-Таблица1[[#This Row],[406/2]] -> -13
B87: Монтаж поворота лотка 50 мм 45гр., шт | C87: =SUMIFS('Журнал Работ'!F:F,'Журнал Работ'!E:E,B87,'Журнал Работ'!C:C,$C$2) -> 8 | D87: =SUMIFS('Журнал Работ'!F:F,'Журнал Работ'!E:E,B87,'Журнал Работ'!C:C,$D$2) -> 10 | F87: =E87-Таблица1[[#This Row],[406/1]] -> -8 | G87: =E87-Таблица1[[#This Row],[406/2]] -> -10
A88: Заземление | B88: Монтаж полосы заземления 25x4, м | C88: =SUMIFS('Журнал Работ'!F:F,'Журнал Работ'!E:E,B88,'Журнал Работ'!C:C,$C$2) -> 1889 | D88: =SUMIFS('Журнал Работ'!F:F,'Журнал Работ'!E:E,B88,'Журнал Работ'!C:C,$D$2) -> 542.5 | E88: =J88+K88 -> 1377 | F88: =E88-Таблица1[[#This Row],[406/1]] -> -512 | G88: =E88-Таблица1[[#This Row],[406/2]] -> 834.5 | J88: 1377
A89: Заземление | B89: Монтаж полосы заземления 40x4, м | C89: =SUMIFS('Журнал Работ'!F:F,'Журнал Работ'!E:E,B89,'Журнал Работ'!C:C,$C$2) -> 50 | D89: =SUMIFS('Журнал Работ'!F:F,'Журнал Работ'!E:E,B89,'Журнал Работ'!C:C,$D$2) -> 32.5 | E89: =J89+K89 -> 57 | F89: =E89-Таблица1[[#This Row],[406/1]] -> 7 | G89: =E89-Таблица1[[#This Row],[406/2]] -> 24.5 | J89: 57
A90: Заземление | B90: Монтаж полосы заземления 50x5, м | C90: =SUMIFS('Журнал Работ'!F:F,'Журнал Работ'!E:E,B90,'Журнал Работ'!C:C,$C$2) -> 466 | D90: =SUMIFS('Журнал Работ'!F:F,'Журнал Работ'!E:E,B90,'Журнал Работ'!C:C,$D$2) -> 379 | E90: =J90+K90 -> 424 | F90: =E90-Таблица1[[#This Row],[406/1]] -> -42 | G90: =E90-Таблица1[[#This Row],[406/2]] -> 45 | J90: =304+120 -> 424
A91: Заземление | B91: Монтаж полосы заземления, м | C91: =SUMIFS('Журнал Работ'!F:F,'Журнал Работ'!E:E,B91,'Журнал Работ'!C:C,$C$2) -> 180 | D91: =SUMIFS('Журнал Работ'!F:F,'Журнал Работ'!E:E,B91,'Журнал Работ'!C:C,$D$2) -> 220 | F91: =E91-Таблица1[[#This Row],[406/1]] -> -180 | G91: =E91-Таблица1[[#This Row],[406/2]] -> -220 | H91: не указан какой
B92: Монтаж РК У-994, шт | C92: =SUMIFS('Журнал Работ'!F:F,'Журнал Работ'!E:E,B92,'Журнал Работ'!C:C,$C$2) -> 140 | D92: =SUMIFS('Журнал Работ'!F:F,'Журнал Работ'!E:E,B92,'Журнал Работ'!C:C,$D$2) -> 97 | F92: =E92-Таблица1[[#This Row],[406/1]] -> -140 | G92: =E92-Таблица1[[#This Row],[406/2]] -> -97
B93: Монтаж РК, шт | C93: =SUMIFS('Журнал Работ'!F:F,'Журнал Работ'!E:E,B93,'Журнал Работ'!C:C,$C$2) -> 229 | D93: =SUMIFS('Журнал Работ'!F:F,'Журнал Работ'!E:E,B93,'Журнал Работ'!C:C,$D$2) -> 171 | E93: 136 | F93: =E93-Таблица1[[#This Row],[406/1]] -> -93 | G93: =E93-Таблица1[[#This Row],[406/2]] -> -35
A94: Светильники | B94: Монтаж светильников 1ДБО88-30-161 шт | C94: =SUMIFS('Журнал Работ'!F:F,'Журнал Работ'!E:E,B94,'Журнал Работ'!C:C,$C$2) -> 0 | D94: =SUMIFS('Журнал Работ'!F:F,'Журнал Работ'!E:E,B94,'Журнал Работ'!C:C,$D$2) -> 7 | F94: =E94-Таблица1[[#This Row],[406/1]] -> 0 | G94: =E94-Таблица1[[#This Row],[406/2]] -> -7
A95: Светильники | B95: Монтаж светильников Diora Angar TR90, шт | C95: =SUMIFS('Журнал Работ'!F:F,'Журнал Работ'!E:E,B95,'Журнал Работ'!C:C,$C$2) -> 90 | D95: =SUMIFS('Журнал Работ'!F:F,'Журнал Работ'!E:E,B95,'Журнал Работ'!C:C,$D$2) -> 76 | E95: =J95+K95 -> 96 | F95: =E95-Таблица1[[#This Row],[406/1]] -> 6 | G95: =E95-Таблица1[[#This Row],[406/2]] -> 20 | K95: 96
A96: Светильники | B96: Монтаж светильников Kosmos 750, шт | C96: =SUMIFS('Журнал Работ'!F:F,'Журнал Работ'!E:E,B96,'Журнал Работ'!C:C,$C$2) -> 17 | D96: =SUMIFS('Журнал Работ'!F:F,'Журнал Работ'!E:E,B96,'Журнал Работ'!C:C,$D$2) -> 10 | F96: =E96-Таблица1[[#This Row],[406/1]] -> -17 | G96: =E96-Таблица1[[#This Row],[406/2]] -> -10
A97: Светильники | B97: Монтаж светильников ДСП 15-120 ЕМ1 шт | C97: =SUMIFS('Журнал Работ'!F:F,'Журнал Работ'!E:E,B97,'Журнал Работ'!C:C,$C$2) -> 5 | D97: =SUMIFS('Журнал Работ'!F:F,'Журнал Работ'!E:E,B97,'Журнал Работ'!C:C,$D$2) -> 0 | F97: =E97-Таблица1[[#This Row],[406/1]] -> -5 | G97: =E97-Таблица1[[#This Row],[406/2]] -> 0
A98: Светильники | B98: Монтаж светильников ДСП 15-120-001 шт | C98: =SUMIFS('Журнал Работ'!F:F,'Журнал Работ'!E:E,B98,'Журнал Работ'!C:C,$C$2) -> 2 | D98: =SUMIFS('Журнал Работ'!F:F,'Журнал Работ'!E:E,B98,'Журнал Работ'!C:C,$D$2) -> 0 | F98: =E98-Таблица1[[#This Row],[406/1]] -> -2 | G98: =E98-Таблица1[[#This Row],[406/2]] -> 0
A99: Светильники | B99: Монтаж светильников ДСП 49-75-005 шт | C99: =SUMIFS('Журнал Работ'!F:F,'Журнал Работ'!E:E,B99,'Журнал Работ'!C:C,$C$2) -> 89 | D99: =SUMIFS('Журнал Работ'!F:F,'Журнал Работ'!E:E,B99,'Журнал Работ'!C:C,$D$2) -> 0 | E99: =J99+K99 -> 87 | F99: =E99-Таблица1[[#This Row],[406/1]] -> -2 | G99: =E99-Таблица1[[#This Row],[406/2]] -> 87 | H99: 1 шт. убрали с РД | K99: =69+18 -> 87
A100: Светильники | B100: Монтаж светильников ДСП 88-30-101 шт | C100: =SUMIFS('Журнал Работ'!F:F,'Журнал Работ'!E:E,B100,'Журнал Работ'!C:C,$C$2) -> 10 | D100: =SUMIFS('Журнал Работ'!F:F,'Журнал Работ'!E:E,B100,'Журнал Работ'!C:C,$D$2) -> 0 | F100: =E100-Таблица1[[#This Row],[406/1]] -> -10 | G100: =E100-Таблица1[[#This Row],[406/2]] -> 0
A101: Светильники | B101: Монтаж светильников, шт | C101: =SUMIFS('Журнал Работ'!F:F,'Журнал Работ'!E:E,B101,'Журнал Работ'!C:C,$C$2) -> 61 | D101: =SUMIFS('Журнал Работ'!F:F,'Журнал Работ'!E:E,B101,'Журнал Работ'!C:C,$D$2) -> 99 | F101: =E101-Таблица1[[#This Row],[406/1]] -> -61 | G101: =E101-Таблица1[[#This Row],[406/2]] -> -99 | H101: не указан какой
B102: Монтаж сгона Дн20, шт | C102: =SUMIFS('Журнал Работ'!F:F,'Журнал Работ'!E:E,B102,'Журнал Работ'!C:C,$C$2) -> 16 | D102: =SUMIFS('Журнал Работ'!F:F,'Журнал Работ'!E:E,B102,'Журнал Работ'!C:C,$D$2) -> 94 | F102: =E102-Таблица1[[#This Row],[406/1]] -> -16 | G102: =E102-Таблица1[[#This Row],[406/2]] -> -94
B103: Монтаж сгона Дн32, шт | C103: =SUMIFS('Журнал Работ'!F:F,'Журнал Работ'!E:E,B103,'Журнал Работ'!C:C,$C$2) -> 10 | D103: =SUMIFS('Журнал Работ'!F:F,'Журнал Работ'!E:E,B103,'Журнал Работ'!C:C,$D$2) -> 134 | F103: =E103-Таблица1[[#This Row],[406/1]] -> -10 | G103: =E103-Таблица1[[#This Row],[406/2]] -> -134
B104: Монтаж скобы-держателя ND2312, шт | C104: =SUMIFS('Журнал Работ'!F:F,'Журнал Работ'!E:E,B104,'Журнал Работ'!C:C,$C$2) -> 3107 | D104: =SUMIFS('Журнал Работ'!F:F,'Журнал Работ'!E:E,B104,'Журнал Работ'!C:C,$D$2) -> 1252 | E104: 2868 | F104: =E104-Таблица1[[#This Row],[406/1]] -> -239 | G104: =E104-Таблица1[[#This Row],[406/2]] -> 1616 | H104: изм.4 | J104: 1434
B105: Монтаж стенового крепления LP5000, шт | C105: =SUMIFS('Журнал Работ'!F:F,'Журнал Работ'!E:E,B105,'Журнал Работ'!C:C,$C$2) -> 97 | D105: =SUMIFS('Журнал Работ'!F:F,'Журнал Работ'!E:E,B105,'Журнал Работ'!C:C,$D$2) -> 50 | E105: =J105+K105 -> 108 | F105: =E105-Таблица1[[#This Row],[406/1]] -> 11 | G105: =E105-Таблица1[[#This Row],[406/2]] -> 58 | J105: 108
B106: Монтаж струбцин шт | C106: =SUMIFS('Журнал Работ'!F:F,'Журнал Работ'!E:E,B106,'Журнал Работ'!C:C,$C$2) -> 42 | D106: =SUMIFS('Журнал Работ'!F:F,'Журнал Работ'!E:E,B106,'Журнал Работ'!C:C,$D$2) -> 70 | F106: =E106-Таблица1[[#This Row],[406/1]] -> -42 | G106: =E106-Таблица1[[#This Row],[406/2]] -> -70
B107: Монтаж траверса, м | C107: =SUMIFS('Журнал Работ'!F:F,'Журнал Работ'!E:E,B107,'Журнал Работ'!C:C,$C$2) -> 23.4 | D107: =SUMIFS('Журнал Работ'!F:F,'Журнал Работ'!E:E,B107,'Журнал Работ'!C:C,$D$2) -> 22.8 | F107: =E107-Таблица1[[#This Row],[406/1]] -> -23.4 | G107: =E107-Таблица1[[#This Row],[406/2]] -> -22.8
B108: Монтаж траверса, шт | C108: =SUMIFS('Журнал Работ'!F:F,'Журнал Работ'!E:E,B108,'Журнал Работ'!C:C,$C$2) -> 0 | D108: =SUMIFS('Журнал Работ'!F:F,'Журнал Работ'!E:E,B108,'Журнал Работ'!C:C,$D$2) -> 30 | F108: =E108-Таблица1[[#This Row],[406/1]] -> 0 | G108: =E108-Таблица1[[#This Row],[406/2]] -> -30
B109: Монтаж трубы ВГП Дн20, м | C109: =SUMIFS('Журнал Работ'!F:F,'Журнал Работ'!E:E,B109,'Журнал Работ'!C:C,$C$2) -> 447 | D109: =SUMIFS('Журнал Работ'!F:F,'Журнал Работ'!E:E,B109,'Журнал Работ'!C:C,$D$2) -> 275.5 | E109: =J109+K109 -> 1054 | F109: =E109-Таблица1[[#This Row],[406/1]] -> 607 | G109: =E109-Таблица1[[#This Row],[406/2]] -> 778.5 | K109: 1054
B110: Монтаж трубы ВГП Дн32, м | C110: =SUMIFS('Журнал Работ'!F:F,'Журнал Работ'!E:E,B110,'Журнал Работ'!C:C,$C$2) -> 624 | D110: =SUMIFS('Журнал Работ'!F:F,'Журнал Работ'!E:E,B110,'Журнал Работ'!C:C,$D$2) -> 590.6 | E110: =J110+K110 -> 77 | F110: =E110-Таблица1[[#This Row],[406/1]] -> -547 | G110: =E110-Таблица1[[#This Row],[406/2]] -> -513.6 | J110: 60 | K110: 17
B111: Монтаж шпилек М8, м | C111: =SUMIFS('Журнал Работ'!F:F,'Журнал Работ'!E:E,B111,'Журнал Работ'!C:C,$C$2) -> 153.5 | D111: =SUMIFS('Журнал Работ'!F:F,'Журнал Работ'!E:E,B111,'Журнал Работ'!C:C,$D$2) -> 61.1 | E111: =J111+K111 -> 1147.6 | F111: =E111-Таблица1[[#This Row],[406/1]] -> 994.1 | G111: =E111-Таблица1[[#This Row],[406/2]] -> 1086.5 | J111: 200 | K111: 947.6
B112: Монтаж шпилек М8, шт | C112: =SUMIFS('Журнал Работ'!F:F,'Журнал Работ'!E:E,B112,'Журнал Работ'!C:C,$C$2) -> 959 | D112: =SUMIFS('Журнал Работ'!F:F,'Журнал Работ'!E:E,B112,'Журнал Работ'!C:C,$D$2) -> 1082 | F112: =E112-Таблица1[[#This Row],[406/1]] -> -959 | G112: =E112-Таблица1[[#This Row],[406/2]] -> -1082
B113: Подключение БАП, шт | C113: =SUMIFS('Журнал Работ'!F:F,'Журнал Работ'!E:E,B113,'Журнал Работ'!C:C,$C$2) -> 86 | D113: =SUMIFS('Журнал Работ'!F:F,'Журнал Работ'!E:E,B113,'Журнал Работ'!C:C,$D$2) -> 7 | F113: =E113-Таблица1[[#This Row],[406/1]] -> -86 | G113: =E113-Таблица1[[#This Row],[406/2]] -> -7 | H113: прочие работы
B114: Подключение РК, шт | C114: =SUMIFS('Журнал Работ'!F:F,'Журнал Работ'!E:E,B114,'Журнал Работ'!C:C,$C$2) -> 244 | D114: =SUMIFS('Журнал Работ'!F:F,'Журнал Работ'!E:E,B114,'Журнал Работ'!C:C,$D$2) -> 104 | F114: =E114-Таблица1[[#This Row],[406/1]] -> -244 | G114: =E114-Таблица1[[#This Row],[406/2]] -> -104 | H114: прочие работы
B115: Подключение светильников Diora Angar TR90, шт | C115: =SUMIFS('Журнал Работ'!F:F,'Журнал Работ'!E:E,B115,'Журнал Работ'!C:C,$C$2) -> 86 | D115: =SUMIFS('Журнал Работ'!F:F,'Журнал Работ'!E:E,B115,'Журнал Работ'!C:C,$D$2) -> 50 | F115: =E115-Таблица1[[#This Row],[406/1]] -> -86 | G115: =E115-Таблица1[[#This Row],[406/2]] -> -50 | H115: прочие работы
...

Sheet Карткий отчет
A1: Краткий отчет | B1: ООО "КСИ" | D1: =+TODAY()+1 -> 46196
A2: 406/1 | B2: ед.изм. | C2: Заложено | D2: Выполнено | E2: Остаток | F2: % выполненияя | G2: % осталось
A3: Оборудование | B3: шт | C3: 30 | D3: =SUMIFS('Общий Объём работ'!C:C,'Общий Объём работ'!A:A,A3) -> 27 | E3: =C3-D3 -> 3 | F3: =D3/C3 -> 0.9 | G3: =E3/C3 -> 0.1
A4: Кабель | B4: м | C4: 17129 | D4: =SUMIFS('Общий Объём работ'!C:C,'Общий Объём работ'!A:A,A4) -> 13535 | E4: =C4-D4 -> 3594 | F4: =D4/C4 -> 0.7901804 | G4: =E4/C4 -> 0.2098196
A5: Каб.констр.(лоток) | B5: м | C5: 1494 | D5: =SUMIFS('Общий Объём работ'!C:C,'Общий Объём работ'!A:A,A5) -> 1557.2 | E5: =C5-D5 -> -63.2 | F5: =D5/C5 -> 1.0423025 | G5: =E5/C5 -> -0.042302544
A6: Светильники | B6: шт | C6: 315 | D6: =SUMIFS('Общий Объём работ'!C:C,'Общий Объём работ'!A:A,A6) -> 274 | E6: =C6-D6 -> 41 | F6: =D6/C6 -> 0.86984127 | G6: =E6/C6 -> 0.13015873
A7: Заземление | B7: м | C7: 2558 | D7: =SUMIFS('Общий Объём работ'!C:C,'Общий Объём работ'!A:A,A7) -> 2585 | E7: =C7-D7 -> -27 | F7: =D7/C7 -> 1.0105551 | G7: =E7/C7 -> -0.010555121
A8: Выключатели /разетки | B8: шт | C8: =8+31+5+63+16+52 -> 175 | D8: =SUMIFS('Общий Объём работ'!C:C,'Общий Объём работ'!A:A,A8) -> 204 | E8: =C8-D8 -> -29 | F8: =D8/C8 -> 1.1657143 | G8: =E8/C8 -> -0.16571429
A10: 406/2 | B10: ед.изм. | C10: Заложено | D10: Выполнено | E10: Остаток | F10: % выполненияя | G10: % осталось
A11: Оборудование | B11: шт | C11: 30 | D11: =SUMIFS('Общий Объём работ'!D:D,'Общий Объём работ'!A:A,A11) -> 16 | E11: =C11-D11 -> 14 | F11: =D11/C11 -> 0.53333333 | G11: =E11/C11 -> 0.46666667
A12: Кабель | B12: м | C12: 17129 | D12: =SUMIFS('Общий Объём работ'!D:D,'Общий Объём работ'!A:A,A12) -> 2586.5 | E12: =C12-D12 -> 14542.5 | F12: =D12/C12 -> 0.15100123 | G12: =E12/C12 -> 0.84899877
A13: Каб.констр.(лоток) | B13: м | C13: 1494 | D13: =SUMIFS('Общий Объём работ'!D:D,'Общий Объём работ'!A:A,A13) -> 1025.7 | E13: =C13-D13 -> 468.3 | F13: =D13/C13 -> 0.68654618 | G13: =E13/C13 -> 0.31345382
A14: Светильники | B14: шт | C14: 315 | D14: =SUMIFS('Общий Объём работ'!D:D,'Общий Объём работ'!A:A,A14) -> 192 | E14: =C14-D14 -> 123 | F14: =D14/C14 -> 0.60952381 | G14: =E14/C14 -> 0.39047619
A15: Заземление | B15: м | C15: 2558 | D15: =SUMIFS('Общий Объём работ'!D:D,'Общий Объём работ'!A:A,A15) -> 1174 | E15: =C15-D15 -> 1384 | F15: =D15/C15 -> 0.45895231 | G15: =E15/C15 -> 0.54104769
A16: Выключатели /разетки | B16: шт | C16: =8+31+5+63+16+52 -> 175 | D16: =SUMIFS('Общий Объём работ'!D:D,'Общий Объём работ'!A:A,A16) -> 0 | E16: =C16-D16 -> 175 | F16: =D16/C16 -> 0 | G16: =E16/C16 -> 1
